<xml>
    <version>
        <DriverVersion>6.04.02.00</DriverVersion>
        <ConfigVersion>1.0.0.0</ConfigVersion>
    </version>

    <install>
        <system version="Win7">

            <inf>
                 <file desc="WINADB">
                        <name>adb_winusb.inf</name>
                        <flag>0</flag>
                 </file>
                 <file desc="FILTER">
                        <name>vd_busfilter.inf</name>
                        <flag>0</flag>
                 </file>
                 <file desc="SERIAL">
                        <name>vd_cdcacm.inf</name>
                        <flag>4</flag>
                 </file>
                 <file desc="MODEM">
                        <name>vd_cdcmdm.inf</name>
                        <flag>4</flag>
                 </file>
                 <file desc="NDIS">
                        <name>vd_wwanecm.inf</name>
                        <flag>4</flag>
                 </file>
            </inf>

            <sys>
                 <file desc="FILTER">
                        <name>vd_usbenumfilter.sys</name>
                        <path>\system32\drivers</path>
                        <delete>1</delete>
                        <flag>0</flag>
                 </file>
                 <file desc="SERIAL">
                        <name>vd_cdcacm.sys</name>
                        <path>\system32\drivers</path>
                        <delete>1</delete>
                        <flag>4</flag>
                 </file>
                 <file desc="NDIS">
                        <name>vd_wwanecm.sys</name>
                        <path>\system32\drivers</path>
                        <delete>1</delete>
                        <flag>4</flag>
                 </file>
            </sys>


            <parameter>
                 <registry desc="wwan connect timeout">
                         <root>HKEY_LOCAL_MACHINE</root>
                         <path>SYSTEM\CurrentControlSet\Services\vdusbmbb</path>
                         <key>WWANConnectTimeOut</key>
                         <type>REG_DWORD</type>
                         <value>150</value>
                         <delete>1</delete>
                 </registry>
            </parameter>

        </system>
	<system version="Win8">

            <inf>
                 <file desc="WINADB">
                        <name>adb_winusb.inf</name>
                        <flag>0</flag>
                 </file>
                 <file desc="FILTER">
                        <name>vd_busfilter.inf</name>
                        <flag>0</flag>
                 </file>
                 <file desc="SERIAL">
                        <name>vd_cdcacm.inf</name>
                        <flag>4</flag>
                 </file>
                 <file desc="MODEM">
                        <name>vd_cdcmdm.inf</name>
                        <flag>4</flag>
                 </file>
                 <file desc="NDIS">
                        <name>vd_wwanecm.inf</name>
                        <flag>4</flag>
                 </file>
            </inf>

            <sys>
                 <file desc="FILTER">
                        <name>vd_usbenumfilter.sys</name>
                        <path>\system32\drivers</path>
                        <delete>1</delete>
                        <flag>0</flag>
                 </file>
                 <file desc="SERIAL">
                        <name>vd_cdcacm.sys</name>
                        <path>\system32\drivers</path>
                        <delete>1</delete>
                        <flag>4</flag>
                 </file>
                 <file desc="NDIS">
                        <name>vd_wwanecm.sys</name>
                        <path>\system32\drivers</path>
                        <delete>1</delete>
                        <flag>4</flag>
                 </file>
            </sys>


            <parameter>
                 <registry desc="wwan connect timeout">
                         <root>HKEY_LOCAL_MACHINE</root>
                         <path>SYSTEM\CurrentControlSet\Services\vdusbmbb</path>
                         <key>WWANConnectTimeOut</key>
                         <type>REG_DWORD</type>
                         <value>150</value>
                         <delete>1</delete>
                 </registry>
            </parameter>

        </system>
		
		<system version="Win8.1">

            <inf>
                 <file desc="WINADB">
                        <name>adb_winusb.inf</name>
                        <flag>0</flag>
                 </file>
                 <file desc="FILTER">
                        <name>vd_busfilter.inf</name>
                        <flag>0</flag>
                 </file>
                 <file desc="SERIAL">
                        <name>vd_cdcacm.inf</name>
                        <flag>4</flag>
                 </file>
                 <file desc="MODEM">
                        <name>vd_cdcmdm.inf</name>
                        <flag>4</flag>
                 </file>
                 <file desc="NDIS">
                        <name>vd_wwanecm.inf</name>
                        <flag>4</flag>
                 </file>
            </inf>

            <sys>
                 <file desc="FILTER">
                        <name>vd_usbenumfilter.sys</name>
                        <path>\system32\drivers</path>
                        <delete>1</delete>
                        <flag>0</flag>
                 </file>
                 <file desc="SERIAL">
                        <name>vd_cdcacm.sys</name>
                        <path>\system32\drivers</path>
                        <delete>1</delete>
                        <flag>4</flag>
                 </file>
                 <file desc="NDIS">
                        <name>vd_wwanecm.sys</name>
                        <path>\system32\drivers</path>
                        <delete>1</delete>
                        <flag>4</flag>
                 </file>
            </sys>


            <parameter>
                 <registry desc="wwan connect timeout">
                         <root>HKEY_LOCAL_MACHINE</root>
                         <path>SYSTEM\CurrentControlSet\Services\vdusbmbb</path>
                         <key>WWANConnectTimeOut</key>
                         <type>REG_DWORD</type>
                         <value>150</value>
                         <delete>1</delete>
                 </registry>
            </parameter>

        </system>
		
		<system version="Win10">

            <inf>
                 <file desc="WINADB">
                        <name>adb_winusb.inf</name>
                        <flag>0</flag>
                 </file>
                 <file desc="FILTER">
                        <name>vd_busfilter.inf</name>
                        <flag>0</flag>
                 </file>
                 <file desc="SERIAL">
                        <name>vd_cdcacm.inf</name>
                        <flag>4</flag>
                 </file>
                 <file desc="MODEM">
                        <name>vd_cdcmdm.inf</name>
                        <flag>4</flag>
                 </file>
                 <file desc="NDIS">
                        <name>vd_wwanecm.inf</name>
                        <flag>4</flag>
                 </file>
            </inf>

            <sys>
                 <file desc="FILTER">
                        <name>vd_usbenumfilter.sys</name>
                        <path>\system32\drivers</path>
                        <delete>1</delete>
                        <flag>0</flag>
                 </file>
                 <file desc="SERIAL">
                        <name>vd_cdcacm.sys</name>
                        <path>\system32\drivers</path>
                        <delete>1</delete>
                        <flag>4</flag>
                 </file>
                 <file desc="NDIS">
                        <name>vd_wwanecm.sys</name>
                        <path>\system32\drivers</path>
                        <delete>1</delete>
                        <flag>4</flag>
                 </file>
            </sys>

            <parameter>
                 <registry desc="wwan connect timeout">
                         <root>HKEY_LOCAL_MACHINE</root>
                         <path>SYSTEM\CurrentControlSet\Services\vdusbmbb</path>
                         <key>WWANConnectTimeOut</key>
                         <type>REG_DWORD</type>
                         <value>150</value>
                         <delete>1</delete>
                 </registry>
            </parameter>

        </system>

    </install>

</xml>
